{"cameraMode":{"drawMode":0,"name":"Shaded","section":"Shading Mode"},"sceneLighting":true,"audioPlay":false,"sceneViewState":{"m_AlwaysRefresh":false,"showFog":true,"showSkybox":true,"showFlares":true,"showImageEffects":true,"showParticleSystems":true,"showVisualEffectGraphs":true,"m_FxEnabled":true},"in2DMode":false,"pivot":{"x":-4.372717380523682,"y":-0.22162336111068726,"z":6.174745559692383},"rotation":{"x":0.025497546419501306,"y":0.00449909083545208,"z":-0.00011441683454904705,"w":0.9996703267097473},"size":1.5854873657226563,"orthographic":false}